{"cameraMode":{"drawMode":0,"name":"Shaded","section":"Shading Mode"},"sceneLighting":true,"audioPlay":false,"sceneViewState":{"showFog":true,"showMaterialUpdate":false,"showSkybox":true,"showFlares":true,"showImageEffects":true,"showParticleSystems":true},"in2DMode":false,"pivot":{"x":648.3297119140625,"y":386.7695007324219,"z":-530.0665283203125},"rotation":{"x":-0.006270116660743952,"y":-0.11166747659444809,"z":0.0007041653734631836,"w":-0.9937266111373901},"size":451.93902587890627,"orthographic":false}